{
  "checkpoint": "/Users/dereklee0312/Uni/COMP6011 - Research Topics/COMP6011/yolo/yolo26n.pt",
  "data_config": "/Users/dereklee0312/Uni/COMP6011 - Research Topics/COMP6011/yolo/config.yaml",
  "dataset_path": "/Users/dereklee0312/Uni/COMP6011 - Research Topics/datasets/kitti",
  "validation_images": 1496,
  "imgsz": 640,
  "device": "mps",
  "confidence_threshold": 0.25,
  "metrics": {
    "metrics/precision(B)": 0.1722720964813885,
    "metrics/recall(B)": 0.04286499655053467,
    "metrics/mAP50(B)": 0.02109334216397525,
    "metrics/mAP50-95(B)": 0.009884952599651263,
    "fitness": 0.009884952599651263
  },
  "mean_latency_ms": 10.208293960349593,
  "fps": 97.9595614981442,
  "checkpoint_size_bytes": 5544453
}